{
    "[ ^> ],[0,0,0],(0,0)": [
        5.038147964266447,
        5.599004815936572,
        8.247859917102708
    ],
    "[<^  ],[0,0,0],(0,0)": [
        7.594272002562557,
        8.756243531734928,
        6.387347314481056
    ],
    "[  >v],[0,0,0],(0,0)": [
        3.992973514479626,
        4.151470204593629,
        5.996233865853746
    ],
    "[<  v],[0,0,0],(0,0)": [
        7.108472702299876,
        5.203798978541472,
        5.129749335268336
    ],
    "[<  v],[0,-1,0],(0,0)": [
        3.9837257900596246,
        -8.332281830033342,
        1.7044096790889647
    ],
    "[<^  ],[0,0,-1],(0,0)": [
        8.107987119269197,
        2.0618516123534363,
        -7.163939641111206
    ],
    "[<  v],[-1,-1,-1],(0,0)": [
        0.0,
        0.0,
        0.0
    ],
    "[  >v],[-1,0,0],(0,0)": [
        -7.4581341716709995,
        1.6930449485743682,
        6.683805706437274
    ],
    "[  >v],[0,-1,0],(0,0)": [
        -0.43290354736289194,
        -5.217031,
        4.639597784934326
    ],
    "[ ^> ],[-1,0,0],(0,0)": [
        -8.416181209618788,
        0.3142245460428271,
        8.710473583607827
    ],
    "[  >v],[-1,-1,-1],(0,0)": [
        0.0,
        0.0,
        0.0
    ],
    "[  > ],[0,0,0],(0,0)": [
        0.06625067795972706,
        2.95938001528131,
        10.300533871175231
    ],
    "[   v],[0,0,0],(0,0)": [
        6.423802581998989,
        0.03592740479874945,
        0.10376781625964543
    ],
    "[ ^  ],[0,0,0],(0,0)": [
        5.9896999730224385,
        13.351767635131042,
        6.990005492915883
    ],
    "[<  v],[0,0,-1],(0,0)": [
        7.197910231394254,
        -0.7636005561065083,
        -7.166328318971065
    ],
    "[<   ],[0,0,0],(0,0)": [
        13.154328228206058,
        5.788835624523646,
        3.55783137966396
    ],
    "[  > ],[-1,0,0],(0,0)": [
        -0.477783753933234,
        -0.14297946764901467,
        6.857552801438786
    ],
    "[<  v],[0,-1,-1],(0,0)": [
        2.929887188370868,
        -1.9,
        -1.0
    ],
    "[<   ],[0,0,-1],(0,0)": [
        11.143095178694914,
        1.175508591455767,
        -0.6856484701596478
    ],
    "[  >v],[-1,-1,0],(0,0)": [
        -2.71,
        -3.439,
        1.254472954118444
    ],
    "[   v],[0,-1,0],(0,0)": [
        1.7896734698733148,
        -1.0,
        -0.2683852852333551
    ],
    "[   v],[-1,-1,-1],(0,0)": [
        -1.0,
        0.0,
        0.0
    ],
    "[<   ],[1,0,0],(0,0)": [
        17.74262275513061,
        0.0,
        0.0
    ],
    "[  > ],[0,0,1],(0,0)": [
        0.0,
        0.0,
        11.484179566433808
    ],
    "[<   ],[1,-1,0],(0,0)": [
        14.318525251586063,
        0.0,
        0.0
    ],
    "[ ^  ],[0,1,0],(0,0)": [
        0.0,
        17.545658019746742,
        0.0
    ],
    "[ ^  ],[-1,-1,0],(0,0)": [
        -1.0,
        -1.0015723523250888,
        -0.010000000000000002
    ],
    "[  >v],[-1,0,-1],(0,0)": [
        -1.9,
        3.7537666245667825,
        -2.2484170603397104
    ],
    "[<^  ],[-1,0,0],(0,0)": [
        -3.6723450485639355,
        8.137430616427581,
        2.402900646758427
    ],
    "[<   ],[0,-1,0],(0,0)": [
        1.5049417925584467,
        -7.4581341716709995,
        5.494081696194104
    ],
    "[   v],[-1,0,-1],(0,0)": [
        -1.9,
        2.8887248270876347,
        -1.5489459484248602
    ],
    "[ ^> ],[0,0,-1],(0,0)": [
        -0.060875243047780005,
        6.642884376090612,
        -2.8018133793590017
    ],
    "[<^  ],[0,-1,-1],(0,0)": [
        2.9863670250365786,
        0.0,
        -1.0
    ],
    "[  >v],[0,0,-1],(0,0)": [
        6.374756181027048,
        1.5660731314145548,
        -3.2921511159150234
    ],
    "[<   ],[-1,0,0],(0,0)": [
        -0.9795692788741983,
        -0.04324279168052123,
        2.2906935873943466
    ],
    "[ ^  ],[0,0,-1],(0,0)": [
        5.342272261531479,
        0.5753215382023837,
        -1.9
    ],
    "[<   ],[0,-1,-1],(0,0)": [
        4.311878754802823,
        -1.0,
        -1.8157314298988658
    ],
    "[<   ],[1,0,-1],(0,0)": [
        11.619238116489337,
        0.0,
        0.0
    ],
    "[ ^  ],[-1,0,0],(0,0)": [
        0.0,
        2.2552813607258377,
        6.604382144905745
    ],
    "[  > ],[-1,0,1],(0,0)": [
        0.0,
        0.0,
        7.515642089276052
    ],
    "[<   ],[1,-1,-1],(0,0)": [
        3.5427640498377495,
        0.0,
        0.0
    ],
    "[<^  ],[-1,0,-1],(0,0)": [
        0.0,
        2.1502475929333498,
        -2.71
    ],
    "[ ^> ],[-1,0,-1],(0,0)": [
        0.0,
        0.7747467211750978,
        0.0
    ],
    "[ ^> ],[-1,-1,0],(0,0)": [
        0.0,
        0.0,
        4.043907760029086
    ],
    "[   v],[-1,0,0],(0,0)": [
        -7.17570463519,
        3.0609970157056163,
        5.988147577136895
    ],
    "[ ^> ],[0,-1,-1],(0,0)": [
        2.896344731424233,
        -1.0,
        0.0
    ],
    "[ ^  ],[0,1,-1],(0,0)": [
        0.0,
        5.312090992099826,
        0.0
    ],
    "[<   ],[-1,-1,-1],(0,0)": [
        -5.593800404684795,
        -5.6953279000000006,
        -5.217031
    ],
    "[   v],[-1,-1,0],(0,0)": [
        -1.9,
        -3.439,
        4.979899570315526
    ],
    "[<  v],[-1,0,0],(0,0)": [
        -1.0,
        0.5982087494382536,
        5.142183231234119
    ],
    "[<   ],[-1,-1,0],(0,0)": [
        -1.7987722133181894,
        -2.71,
        4.923396237876678
    ],
    "[ ^  ],[-1,0,-1],(0,0)": [
        -0.8064457998608257,
        0.8699721084758438,
        -1.0
    ],
    "[ ^  ],[-1,1,0],(0,0)": [
        0.0,
        10.610712585765167,
        0.0
    ],
    "[ ^  ],[-1,-1,-1],(0,0)": [
        0.0,
        0.0,
        0.0
    ],
    "[  > ],[-1,0,-1],(0,0)": [
        0.0,
        0.4977389633561541,
        0.0
    ],
    "[  > ],[0,0,-1],(0,0)": [
        0.0,
        2.420681426430605,
        0.0
    ],
    "[<^  ],[-1,-1,0],(0,0)": [
        -1.0,
        -1.0,
        3.6932280279495737
    ],
    "[   v],[0,0,-1],(0,0)": [
        0.6846707416955753,
        0.8848999500307119,
        0.0
    ],
    "[  > ],[0,-1,1],(0,0)": [
        0.0,
        0.0,
        3.8781261239373115
    ],
    "[  > ],[0,-1,0],(0,0)": [
        0.28697650952591697,
        0.0,
        1.8663267615240962
    ],
    "[  >v],[0,-1,-1],(0,0)": [
        3.7365985977346265,
        0.3604130076162456,
        0.0
    ],
    "[   v],[0,-1,-1],(0,0)": [
        0.5924714306570337,
        0.0,
        -0.9692414145198889
    ],
    "[<  v],[-1,0,-1],(0,0)": [
        -0.9520942317765457,
        0.6249881840706385,
        -1.0
    ],
    "[  > ],[-1,-1,0],(0,0)": [
        0.0,
        -0.604771088240253,
        -0.01157235232508881
    ],
    "[  > ],[-1,-1,-1],(0,0)": [
        -1.0,
        0.0,
        0.0
    ],
    "[ ^  ],[0,-1,0],(0,0)": [
        0.0,
        0.0,
        0.6203907295985761
    ],
    "[<^  ],[-1,-1,-1],(0,0)": [
        0.0,
        0.0,
        0.0
    ],
    "[<  v],[-1,-1,0],(0,0)": [
        0.0,
        -1.0,
        0.591785792525839
    ],
    "[ ^> ],[-1,-1,-1],(0,0)": [
        0.0,
        0.0,
        -1.0
    ],
    "[<^  ],[0,-1,0],(0,0)": [
        0.0,
        0.0,
        1.1126212530378445
    ],
    "[ ^  ],[0,-1,-1],(0,0)": [
        0.5920459969130923,
        0.0,
        0.0
    ],
    "[<   ],[-1,0,-1],(0,0)": [
        0.0,
        -0.010950000000000001,
        0.0
    ],
    "[ ^  ],[-1,1,-1],(0,0)": [
        0.0,
        1.362115178236756,
        0.0
    ]
}